Distance,Estimated_Log10_BP,Estimated_BP
272,3.411254579464251,2577.8318156910436
373,3.2527778744486073,1789.6902595893712
430,3.1633405260734424,1456.600739394871
730,2.6926176398883626,492.7397965869795
833,2.531002782298152,339.62744839929974
