Distance,Estimated_Log10_BP,Estimated_BP
340,3.304557391928966,2016.310408076507
445,3.139804381764188,1379.7626413936307
570,2.9436698458537385,878.3545308040572
610,2.8809067943623945,760.1631178524252
827,2.5404172400218537,347.07013124471524
