Slope,Intercept,R2,Number_of_Suspects,Best_Match,Matching_Error
-0.0015690762872835986,3.8380433296053895,0.9930188438823663,3,bob,0.02667429688382117
