Suspect,Mean_Absolute_Log10_Error
suspect2,0.02667429688382117
suspect3,0.1090508019662102
suspect1,0.17181385345755418
