Suspect,Mean_Absolute_Log10_Error
bob,0.02667429688382117
charlie,0.1090508019662102
alice,0.17181385345755418
